{"1":"生命值","2":"[00FF4B]力量(STR)[-]","3":"[00FF4B]敏捷(AGI)[-]","4":"[00FF4B]智力(INT)[-]","5":"速度","6":"物理伤害","7":"特殊伤害","8":"装甲","9":"抗性","10":"装甲穿透","11":"抗性穿透","12":"躲闪几率","13":"偏斜几率","14":"物理暴击率","15":"特殊暴击率","16":"暴击伤害","17":"效能","18":"韧性","19":"躲闪","20":"偏斜","21":"物理暴击率","22":"特殊暴击率","23":"装甲","24":"抗性","25":"装甲穿透","26":"抗性穿透","27":"生命偷取","28":"保护","29":"无视防护力","30":"生命值恢复","31":"物理伤害","32":"特殊伤害","33":"物理精准度","34":"特殊精准度","35":"物理暴击闪避","36":"特殊暴击闪避","37":"物理精准度","38":"特殊精准度","39":"物理暴击闪避","40":"特殊暴击闪避","41":"进攻力","42":"防御力","43":"防御穿透","44":"躲避","45":"暴击率","46":"精准度","47":"暴击闪避","48":"进攻力","49":"防御力","50":"防御穿透","51":"躲避","52":"精准度","53":"暴击率","54":"暴击闪避","55":"生命值","56":"防护力","57":"速度","58":"反击","60":"防御穿透","61":"精通"}