{"1":"生命值","2":"力量","3":"敏捷","4":"智力","5":"速度","6":"物理傷害","7":"特殊傷害","8":"物理防禦","9":"抗性","10":"物理防禦穿透","11":"抗性穿透","12":"閃避機率","13":"偏移機率","14":"物理爆擊機率","15":"特殊爆擊機率","16":"爆擊傷害","17":"效力","18":"韌性","19":"閃避","20":"偏移","21":"物理爆擊機率","22":"特殊爆擊機率","23":"物理防禦","24":"抗性","25":"物理防禦穿透","26":"抗性穿透","27":"生命汲取","28":"保護","29":"無視保護","30":"生命值加成","31":"物理傷害","32":"特殊傷害","33":"物理命中率","34":"特殊命中率","35":"物理爆擊迴避率","36":"特殊爆擊迴避率","37":"物理命中率","38":"特殊命中率","39":"物理爆擊迴避率","40":"特殊爆擊迴避率","41":"攻擊","42":"防禦","43":"防禦穿透","44":"迴避率","45":"爆擊機率","46":"命中率","47":"爆擊迴避率","48":"攻擊","49":"防禦","50":"防禦穿透","51":"迴避率","52":"命中率","53":"爆擊機率","54":"爆擊迴避率","55":"生命","56":"保護","57":"速度","58":"反擊","60":"防禦穿透","61":"精通"}