{"1":"Santé","2":"Vigueur","3":"Agilité","4":"Intelligence","5":"Vitesse","6":"Dégâts physiques","7":"Dégâts spéciaux","8":"Armure","9":"Résistance","10":"Pénétration d'armure","11":"Pénétration de résistance","12":"Chances d'esquive","13":"Chances de déviation","14":"Chances de coup critique physique","15":"Chances de coup critique spécial","16":"Dégâts critiques","17":"Pouvoir","18":"Ténacité","19":"Esquive","20":"Déviation","21":"Chances de coup critique physique","22":"Chances de coup critique spécial","23":"Armure","24":"Résistance","25":"Pénétration d'armure","26":"Pénétration de résistance","27":"Vol de santé","28":"Protection","29":"Ignore la protection","30":"Régénération de santé","31":"Dégâts physiques","32":"Dégâts spéciaux","33":"Précision physique","34":"Précision spéciale","35":"Esquive des critiques physique","36":"Esquive des critiques spéciale","37":"Précision physique","38":"Précision spéciale","39":"Esquive des critiques physique","40":"Esquive des critiques spéciaux","41":"Attaque","42":"Défense","43":"Pénétration de défense","44":"Esquive","45":"Chances de coup critique","46":"Précision","47":"Esquive des critiques","48":"Attaque","49":"Défense","50":"Pénétration de défense","51":"Esquive","52":"Précision","53":"Chances de coup critique","54":"Esquive des critiques","55":"Santé","56":"Protection","57":"Vitesse","58":"Contre-attaque","60":"Pénétration de défense","61":"Maîtrise"}