{"1":"Gesundheit","2":"Kraft","3":"Geschicklichkeit","4":"Intelligenz","5":"Tempo","6":"Physischer Schaden","7":"Spezialschaden","8":"Rüstung","9":"Resistenz","10":"Rüstungs-\\ndurchdringung","11":"Resistenz-\\ndurchdringung","12":"Ausweich-\\nchance","13":"Ablenkungs-\\nchance","14":"Kritischer-Treffer-\\nChance (Physisch)","15":"Kritischer-Treffer-Chance (Spezial)","16":"Kritischer Schaden","17":"Effektivität","18":"Zähigkeit","19":"Ausweichen","20":"Ablenkung","21":"Kritischer-Treffer-\\nChance (Physisch)","22":"Kritischer-Treffer-Chance (Spezial)","23":"Rüstung","24":"Widerstand","25":"Rüstungsdurchdringung","26":"Resistenz-\\ndurchdringung","27":"Gesundheits-\\nentzug","28":"Schutz","29":"Schutz ignorieren","30":"Gesundheitsregeneration","31":"Körperlicher Schaden","32":"Spezialschaden","33":"Körperliche Präzision","34":"Präzision (Spezial)","35":"Kritisches Ausweichen (Körperlich)","36":"Kritisches Ausweichen (Spezial)","37":"Körperliche Präzision","38":"Präzision (Spezial)","39":"Kritisches Ausweichen (Körperlich)","40":"Kritisches Ausweichen (Spezial)","41":"Angriff","42":"Abwehr","43":"Verteidigungsdurchdringung","44":"Ausweichen","45":"Kritischer-Treffer-Chance","46":"Präzision","47":"Kritisches Ausweichen","48":"Angriff","49":"Abwehr","50":"Verteidigungsdurchdringung","51":"Ausweichen","52":"Präzision","53":"Kritischer-Treffer-Chance","54":"Kritisches Ausweichen","55":"Gesundheit","56":"Schutz","57":"Tempo","58":"Gegenangriff","60":"Verteidigungsdurchdr.","61":"Meisterschaft"}