{"1":"Kesehatan","2":"Kekuatan","3":"Kegesitan","4":"Kecerdasan","5":"Kecepatan","6":"Kerusakan Fisik","7":"Kerusakan Khusus","8":"Armor","9":"Resistensi","10":"Penetrasi Armor","11":"Penetrasi Resistensi","12":"Peluang Menghindar","13":"Peluang Defleksi","14":"Peluang Kritis Fisik","15":"Peluang Kritis Khusus","16":"Kerusakan Kritis","17":"Keampuhan","18":"Kegigihan","19":"Menghindar","20":"Defleksi","21":"Peluang Kritis Fisik","22":"Peluang Kritis Khusus","23":"Armor","24":"Resistensi","25":"Penetrasi Armor","26":"Penetrasi Resistensi","27":"Curi Kesehatan","28":"Proteksi","29":"Pengabaian Proteksi","30":"Regenerasi Kesehatan","31":"Kerusakan Fisik","32":"Kerusakan Khusus","33":"Akurasi Fisik","34":"Akurasi Khusus","35":"Penghindaran Kritis Fisik","36":"Penghindaran Kritis Khusus","37":"Akurasi Fisik","38":"Akurasi Khusus","39":"Penghindaran Kritis Fisik","40":"Penghindaran Kritis Khusus","41":"Serangan","42":"Pertahanan","43":"Penetrasi Pertahanan","44":"Pengelakan","45":"Peluang Kritis","46":"Akurasi","47":"Penghindaran Kritis","48":"Serangan","49":"Pertahanan","50":"Penetrasi Pertahanan","51":"Pengelakan","52":"Akurasi","53":"Peluang Kritis","54":"Penghindaran Kritis","55":"Kesehatan","56":"Proteksi","57":"Kecepatan","58":"Serangan Balasan","60":"Penetrasi Pertahanan","61":"Penguasaan"}