{"1":"Salute","2":"Forza","3":"Agilità","4":"Intelligenza","5":"Velocità","6":"Danni fisici","7":"Danni speciali","8":"Corazza","9":"Resistenza","10":"Penetrazione corazza","11":"Penetrazione resistenza","12":"Probabilità schivata","13":"Probabilità deviazione","14":"Probabilità colpo critico (fisico)","15":"Probabilità colpo critico (speciale)","16":"Danni critici","17":"Efficacia","18":"Tenacia","19":"Schivata","20":"Deviazione","21":"Probabilità colpo critico (fisico)","22":"Probabilità colpo critico (speciale)","23":"Corazza","24":"Resistenza","25":"Penetrazione corazza","26":"Penetrazione resistenza","27":"Furto vitale","28":"Protezione","29":"Annullamento Protezione","30":"Rigenerazione Salute","31":"Danni fisici","32":"Danni speciali","33":"Precisione (fisico)","34":"Precisione (speciale)","35":"Schivata colpi critici (fisico)","36":"Schivata colpi critici (speciale)","37":"Precisione (fisico)","38":"Precisione (speciale)","39":"Schivata colpi critici (fisico)","40":"Schivata colpi critici (speciale)","41":"Attacco","42":"Difesa","43":"Penetrazione Difesa","44":"Evasione","45":"Probabilità colpo critico","46":"Precisione","47":"Schivata colpi critici","48":"Attacco","49":"Difesa","50":"Penetrazione Difesa","51":"Evasione","52":"Precisione","53":"Probabilità colpo critico","54":"Schivata colpi critici","55":"Salute","56":"Protezione","57":"Velocità","58":"Contrattacco","60":"Penetrazione Difesa","61":"Maestria"}