{"1":"HP","2":"[00FF4B]力(STR)[-]","3":"[00FF4B]俊敏性(AGI)[-]","4":"[00FF4B]知力(INT)[-]","5":"スピード","6":"物理ダメージ","7":"特殊ダメージ","8":"アーマー","9":"耐性","10":"アーマー突破力","11":"耐性突破力","12":"物理回避率","13":"特殊回避率","14":"物理クリティカル率","15":"特殊クリティカル率","16":"クリティカルダメージ","17":"有効性","18":"抵抗力","19":"物理回避力","20":"特殊回避力","21":"物理クリティカル率","22":"特殊クリティカル率","23":"アーマー","24":"耐性","25":"アーマー突破力","26":"耐性突破力","27":"ヘルス・スティール","28":"プロテクション","29":"プロテクション無効化","30":"HP自動回復","31":"物理ダメージ","32":"特殊ダメージ","33":"物理精度","34":"特殊精度","35":"物理クリティカル回避力","36":"特殊クリティカル回避力","37":"物理精度","38":"特殊精度","39":"物理クリティカル回避力","40":"特殊クリティカル回避力","41":"攻撃力","42":"防御力","43":"防御突破力","44":"回避力","45":"クリティカル率","46":"精度","47":"クリティカル回避力","48":"攻撃力","49":"防御力","50":"防御突破力","51":"回避力","52":"精度","53":"クリティカル率","54":"クリティカル回避力","55":"HP","56":"プロテクション","57":"スピード","58":"カウンター攻撃","60":"防御突破力","61":"マスター"}