{"1":"체력","2":"힘","3":"민첩","4":"지능","5":"속도","6":"물리 피해","7":"특수 피해","8":"아머","9":"저항력","10":"아머 관통력","11":"저항력 관통","12":"회피 확률","13":"왜곡 확률","14":"물리 치명타 확률","15":"특수 치명타 확률","16":"치명타 피해","17":"효력","18":"인내","19":"회피","20":"왜곡","21":"물리 치명타 확률","22":"특수 치명타 확률","23":"아머","24":"저항력","25":"아머 관통력","26":"저항력 관통","27":"체력 흡수","28":"보호","29":"보호 무시","30":"체력 재생력","31":"물리 피해","32":"특수 피해","33":"물리 명중률","34":"특수 명중률","35":"물리 치명타 회피","36":"특수 치명타 회피","37":"물리 명중률","38":"특수 명중률","39":"물리 치명타 회피","40":"특수 치명타 회피","41":"공격력","42":"방어력","43":"방어 관통력","44":"회피","45":"치명타 확률","46":"명중률","47":"치명타 회피","48":"공격력","49":"방어력","50":"방어 관통력","51":"회피","52":"명중률","53":"치명타 확률","54":"치명타 회피","55":"체력","56":"보호","57":"속도","58":"반격","60":"방어 관통력","61":"마스터리"}