{"1":"Saúde","2":"Força","3":"Agilidade","4":"Inteligência","5":"Velocidade","6":"Dano Físico","7":"Dano Especial","8":"Armadura","9":"Resistência","10":"Penetração de Armadura","11":"Penetração de Resistência","12":"Chance de Esquiva","13":"Chance de Deflexão","14":"Chance de Acerto Crítico Físico","15":"Chance de Acerto Crítico Especial","16":"Dano de Acerto Crítico","17":"Potência","18":"Tenacidade","19":"Esquivar","20":"Deflexão","21":"Chance de Acerto Crítico Físico","22":"Chance de Acerto Crítico Especial","23":"Armadura","24":"Resistência","25":"Penetração de Armadura","26":"Penetração de Resistência","27":"Roubo de Saúde","28":"Proteção","29":"Ignorar Proteção","30":"Regeneração de Saúde","31":"Dano Físico","32":"Dano Especial","33":"Precisão Física","34":"Precisão Especial","35":"Esquiva Física Crítica","36":"Esquiva Crítica Especial","37":"Precisão Física","38":"Precisão Especial","39":"Rejeição de Acerto Crít. Físico","40":"Rejeição de Acerto Crít. Especial","41":"Ataque","42":"Defesa","43":"Penetração de Defesa","44":"Evasão","45":"Chance de Acerto Crítico","46":"Precisão","47":"Esquiva de Acerto Crítico","48":"Ataque","49":"Defesa","50":"Penetração de Defesa","51":"Evasão","52":"Precisão","53":"Chance de Acerto Crítico","54":"Esquiva de Acerto Crítico","55":"Saúde","56":"Proteção","57":"Velocidade","58":"Contra-ataque","60":"Penetração de Defesa","61":"Maestria"}