{"1":"Здоровье","2":"[00FF4B]Сила (СИЛ)[-]","3":"[00FF4B]Ловкость (ЛОВ)[-]","4":"[00FF4B]Интеллект (ИНТ)[-]","5":"Скорость","6":"Физический урон","7":"Особый урон","8":"Броня","9":"Сопротивление","10":"Пробитие брони","11":"Преодоление сопротивляемости","12":"Шанс на уклонение","13":"Шанс на отражение","14":"Шанс физической критической атаки","15":"Шанс особой критической атаки","16":"Критический урон","17":"Эффективность","18":"Стойкость","19":"Уклонение","20":"ОТРАЖЕНИЕ","21":"Шанс физической критической атаки","22":"Шанс особой критической атаки","23":"Броня","24":"Сопротивление","25":"Пробитие брони","26":"Преодоление сопротивляемости","27":"Кража здоровья","28":"Защита","29":"Игнорирование защиты","30":"Восстановление здоровья","31":"Физический урон","32":"Особый урон","33":"Физическая точность","34":"Особая точность","35":"Избегание физического критического удара","36":"Избегание особого критического удара","37":"Физическая точность","38":"Особая точность","39":"Избегание физического критического удара","40":"Избегание особого критического удара","41":"Атака","42":"Оборона","43":"Преодоление обороны","44":"Увертывание","45":"Шанс на критический удар","46":"Точность","47":"Избегание критического удара","48":"Атака","49":"Оборона","50":"Преодоление обороны","51":"Увертывание","52":"Точность","53":"Шанс на критический удар","54":"Избегание критического удара","55":"Здоровье","56":"Защита","57":"Скорость","58":"Контратака","60":"Преодоление обороны","61":"Мастерство"}