{"1":"Salud","2":"Fuerza","3":"Agilidad","4":"Inteligencia","5":"Velocidad","6":"Daño físico","7":"Daño especial","8":"Blindaje","9":"Resistencia","10":"Penetración de armadura","11":"Penetración de resistencia","12":"Probabilidad de esquivar","13":"Probabilidad de desviar","14":"Probabilidad de crítico físico","15":"Probabilidad de crítico especial","16":"Daño crítico","17":"Potencia","18":"Tenacidad","19":"Esquivar","20":"Desviar","21":"Probabilidad de crítico físico","22":"Probabilidad de crítico especial","23":"Blindaje","24":"Resistencia","25":"Penetración de armadura","26":"Penetración de resistencia","27":"Robo de salud","28":"Protección","29":"Ignorar protección","30":"Regeneración de salud","31":"Daño físico","32":"Daño especial","33":"Precisión física","34":"Precisión especial","35":"Evasión de crítico física","36":"Evasión de crítico especial","37":"Precisión física","38":"Precisión especial","39":"Evasión de crít. física","40":"Evasión de crít. especial","41":"Ataque","42":"Defensa","43":"Penetración defensiva","44":"Evasión","45":"Probabilidad de crítico","46":"Precisión","47":"Evasión de crít.","48":"Ataque","49":"Defensa","50":"Penetración defensiva","51":"Evasión","52":"Precisión","53":"Probabilidad de crítico","54":"Evasión de crít.","55":"Salud","56":"Protección","57":"Velocidad","58":"Contraataque","60":"Penetración defensiva","61":"Maestría"}