{"0":"None","1":"UnitStat_Health","2":"UnitStat_Strength","3":"UnitStat_Agility","4":"UnitStat_Intelligence","5":"UnitStat_Speed","6":"UnitStat_AttackDamage","7":"UnitStat_AbilityPower","8":"UnitStat_Armor","9":"UnitStat_Suppression","10":"UnitStat_ArmorPenetration","11":"UnitStat_SuppressionPenetration","12":"UnitStat_DodgeRating_TU5V","13":"UnitStat_DeflectionRating_TU5V","14":"UnitStat_AttackCriticalRating_TU5V","15":"UnitStat_AbilityCriticalRating_TU5V","16":"UnitStat_CriticalDamage","17":"UnitStat_Accuracy","18":"UnitStat_Resistance","19":"UnitStat_DodgePercentAdditive","20":"UnitStat_DeflectionPercentAdditive","21":"UnitStat_AttackCriticalPercentAdditive","22":"UnitStat_AbilityCriticalPercentAdditive","23":"UnitStat_ArmorPercentAdditive","24":"UnitStat_SuppressionPercentAdditive","25":"UnitStat_ArmorPenetrationPercentAdditive","26":"UnitStat_SuppressionPenetrationPercentAdditive","27":"UnitStat_HealthSteal","28":"UnitStat_MaxShield","29":"UnitStat_ShieldPenetration","30":"UnitStat_HealthRegen","31":"UnitStat_AttackDamagePercentAdditive","32":"UnitStat_AbilityPowerPercentAdditive","33":"UnitStat_DodgeNegatePercentAdditive","34":"UnitStat_DeflectionNegatePercentAdditive","35":"UnitStat_AttackCriticalNegatePercentAdditive","36":"UnitStat_AbilityCriticalNegatePercentAdditive","37":"UnitStat_DodgeNegateRating","38":"UnitStat_DeflectionNegateRating","39":"UnitStat_AttackCriticalNegateRating","40":"UnitStat_AbilityCriticalNegateRating","41":"UnitStat_Offense","42":"UnitStat_Defense","43":"UnitStat_DefensePenetration","44":"UnitStat_EvasionRating","45":"UnitStat_CriticalRating","46":"UnitStat_EvasionNegateRating","47":"UnitStat_CriticalNegateRating","48":"UnitStat_OffensePercentAdditive","49":"UnitStat_DefensePercentAdditive","50":"UnitStat_DefensePenetrationPercentAdditive","51":"UnitStat_EvasionPercentAdditive","52":"UnitStat_EvasionNegatePercentAdditive","53":"UnitStat_CriticalChancePercentAdditive","54":"UnitStat_CriticalNegateChancePercentAdditive","55":"UnitStat_MaxHealthPercentAdditive","56":"UnitStat_MaxShieldPercentAdditive","57":"UnitStat_SpeedPercentAdditive","58":"UnitStat_CounterAttackRating","59":"UnitStat_Taunt","60":"UnitStat_DefensePenetrationTargetPercentAdditive","61":"UNIT_STAT_STAT_VIEW_MASTERY"}