{"1":"พลังชีวิต","2":"[00FF4B]ความแข็งแกร่ง(STR)[-]","3":"ความว่องไว","4":"ความฉลาด","5":"ความเร็ว","6":"ความเสียหายทางกาย","7":"ความเสียหายพิเศษ","8":"เกราะ","9":"ต้านทาน","10":"การทะลุเกราะ","11":"การเจาะทะลุการต้านทาน","12":"โอกาสหลบ","13":"โอกาสเบี่ยงเบนการโจมตี","14":"โอกาสคริติคอลทางกาย","15":"โอกาสคริติคอลพิเศษ","16":"ความเสียหายคริติคอล","17":"อิทธิฤทธิ์","18":"ความทรหด","19":"หลบ","20":"การเบี่ยงเบนการโจมตี","21":"โอกาสคริติคอลทางกาย","22":"โอกาสคริติคอลพิเศษ","23":"เกราะ","24":"ฝ่ายต่อต้าน","25":"การเจาะทะลุเกราะ","26":"การเจาะทะลุการต่อต้าน","27":"ขโมยพลัง ชีวิต","28":"การปกป้อง","29":"เพิกเฉยพลังคุ้มกัน","30":"การฟื้นพลังชีวิต","31":"ความเสียหายทางกาย","32":"ความเสียหายพิเศษ","33":"ความแม่นยำทางกายภาพ","34":"ความแม่นยำพิเศษ","35":"การหลีกเลี่ยงคริติคอลทางกายภาพ","36":"การหลีกเลี่ยงคริติคอลพิเศษ","37":"ความแม่นยำทางกายภาพ","38":"ความแม่นยำพิเศษ","39":"การหลีกเลี่ยงคริติคอลทางกายภาพ","40":"การหลีกเลี่ยงคริติคอลพิเศษ","41":"การโจมตี","42":"การป้องกัน","43":"การเจาะทะลุการป้องกัน","44":"การหลบหลีก","45":"โอกาสคริติคอล","46":"ความแม่น ยำ","47":"หลีกเลี่ยงคริติคอล","48":"การโจมตี","49":"การป้องกัน","50":"การเจาะทะลุการป้องกัน","51":"การหลบหลีก","52":"ความแม่น ยำ","53":"โอกาสคริติคอล","54":"หลีกเลี่ยงคริติคอล","55":"พลังชีวิต","56":"พลังคุ้มกัน","57":"ความเร็ว","58":"โจมตีตอบโต้","60":"การเจาะทะลุการป้องกัน","61":"ความชำนาญ"}