{"1":"SAĞLIK","2":"[00FF4B]Güç (GÜÇ)[-]","3":"[00FF4B]Çeviklik (ÇEV)[-]","4":"Zeka","5":"HIZ","6":"FİZİKSEL HASAR","7":"Özel Hasar","8":"Zırh","9":"Direnç","10":"Zırh Nüfuzu","11":"Direnç Nüfuzu","12":"Kaçınma Şansı","13":"Hedef Saptırma Şansı","14":"Fiziksel Kritik Darbe Şansı","15":"Özel Kritik Darbe Şansı","16":"KRİTİK HASAR","17":"Erk","18":"KARARLILIK","19":"Kaçınma","20":"Hedef Saptırma","21":"Fiziksel Kritik Darbe Şansı","22":"Özel Kritik Darbe Şansı","23":"Zırh","24":"Direnç","25":"Zırh Nüfuzu","26":"Direnç Nüfuzu","27":"Sağlık Çalma","28":"Koruma","29":"Koruma Yok Say","30":"Sağlık Yenileme","31":"Fiziksel Hasar","32":"Özel Hasar","33":"Fiziksel İsabet","34":"Özel İsabet","35":"Fiziksel Kritik Kaçınma","36":"Özel Kritik Kaçınma","37":"Fiziksel İsabet","38":"Özel İsabet","39":"Fiziksel Kritik Kaçınma","40":"Özel Kritik Kaçınma","41":"Saldırı","42":"Savunma","43":"Savunma Nüfuzu","44":"Kaçma","45":"KRİTİK DARBE ŞANSI","46":"İsabet","47":"Kritik Kaçınma","48":"Saldırı","49":"Savunma","50":"Savunma Nüfuzu","51":"Kaçma","52":"İsabet","53":"KRİTİK DARBE ŞANSI","54":"Kritik Kaçınma","55":"Sağlık","56":"Koruma","57":"Hız","58":"Karşı Saldırı","60":"Savunma Nüfuzu","61":"Ustalık"}